Country Name,Country Code,2000,2001,2002,2003,2004,2005,2006,2007,2008,2009,2010,2011,2012,2013,2014,2015,2016,2017
Aruba,ABW,5.427609068,-5.107188649,-5.405878901,-0.152950639,6.03174362,-0.094958957,0.247870046,1.410001712,-0.221813255,-10.60794633,-3.889654723,3.056813033,-1.873701026,3.582254325,0.257489118,-0.971512149,-0.669128988,0.905027625
Afghanistan,AFG,,,,3.713008423,-3.01821978,7.006851412,2.010128995,10.73295811,1.346322865,18.31158707,11.19067791,-2.634349459,9.121968479,2.157238645,-0.493889435,-1.491121322,-0.452986753,0.139699835
Angola,AGO,-0.024041122,0.878294114,9.853362978,-0.578597022,7.057473161,10.98827192,7.639809108,10.0176643,7.274540302,-2.675335855,1.181678531,-0.157160936,4.746546799,1.312474018,1.232061094,-2.458151946,-5.806157907,-3.401621646
Albania,ALB,7.633830038,9.311053274,4.853961613,5.925579185,5.951882136,6.07147654,6.570247117,6.783944691,8.328066674,4.048821511,4.226160913,2.826248686,1.587634572,1.185213112,1.980930018,2.518104393,3.515368567,3.931087706
Andorra,AND,1.913451853,1.517844707,2.354988636,7.366656546,3.324673509,3.825117605,1.794873028,-2.007177578,-9.874044945,-4.375954796,-5.344256802,-3.85184552,-0.039744005,2.392514348,4.298113762,2.404977175,2.855529171,2.291463752
Arab World,ARB,3.299112372,-0.496433188,-1.51255229,3.088316023,6.964293272,3.342034454,4.026480182,2.08652097,3.274489931,-1.971910774,2.314243321,1.247280483,4.255214963,0.897720552,0.265635208,1.160966571,1.170028286,-0.971500887
United Arab Emirates,ARE,4.993252875,-3.817369063,-2.858734403,1.976395713,0.292826708,-6.401402098,-4.043543455,-10.50796174,-9.533910251,-14.7863097,-5.820719174,1.976250918,1.808335779,3.819127535,3.655154373,4.107110948,1.707309749,-0.609202845
Argentina,ARG,-1.885010517,-5.465113906,-11.87718049,7.643794185,7.849106146,7.69268852,6.918027086,7.885851981,2.995167422,-6.880148575,8.99143796,4.902125244,-2.060574637,1.338452934,-3.514195982,1.698944824,-2.784592111,1.870294944
Armenia,ARM,6.570295524,10.23657283,13.81149513,14.64886278,11.10084075,14.60487652,14.06880742,14.73596617,7.812918694,-13.56639792,2.600408784,4.762989356,6.964131302,2.886337177,3.146882342,2.82037882,-0.069477875,7.293323551
American Samoa,ASM,,,,0.155853114,0.288979994,-0.155634548,-3.401960784,3.278954291,-1.122713232,-2.869663016,1.507615499,0.868398308,-4.236589224,-2.891893615,0.708165714,1.065742541,-2.728006298,-5.451169898
Antigua and Barbuda,ATG,4.454102676,-6.6000616,-0.391730945,4.810139797,4.581538524,5.224918786,11.42022306,7.968121904,-1.216003639,-13.14348871,-8.258792286,-3.161464496,2.375039817,-1.173043906,3.545656206,2.934709243,4.502080005,1.973111113
Australia,AUS,2.711261764,0.567906765,2.741314695,1.722713161,2.802328903,1.837368992,1.328328248,3.131075041,1.60111924,-0.156446162,0.477801449,1.037363899,2.09391457,0.888017348,1.039963657,0.888631394,1.233687228,0.25446145
Austria,AUT,3.127436477,0.880261369,1.152671839,0.450948907,2.099709475,1.549878794,2.943417059,3.391730702,1.143308632,-4.016342341,1.592578041,2.57644867,0.22244938,-0.562299551,-0.122368877,0.015506133,0.942067693,1.841009014
Azerbaijan,AZE,10.19102938,9.051822172,9.777802547,10.36067596,9.239489951,25.11443921,33.03048728,23.63913264,8.470613513,7.162544171,3.6141875,-1.229479184,0.850986009,4.437066291,0.734739796,-0.097168804,-4.177171998,-0.877439787
Burundi,BDI,-2.742947109,-0.35902143,1.56886638,-4.228932634,1.486284921,-2.37355626,1.952142697,0.008993194,1.379744396,0.428150681,1.791879384,0.850968872,1.351291122,1.858763134,1.167700137,-6.79715426,-3.668190499,-2.64635382
Belgium,BEL,3.382626314,0.465396765,1.325277038,0.353564926,3.187131123,1.534238995,1.83227715,2.692098469,-0.009854203,-3.036489674,1.809776856,0.482485296,-0.38491734,-0.270512826,0.806174071,1.128992145,0.976141026,1.237496041
Benin,BEN,2.747800216,2.19312213,1.508016469,0.346990897,1.337853336,-1.247442478,0.97833194,3.004341023,1.969729383,-0.505468043,-0.715295405,0.1163546,1.925340623,4.240192726,3.433603606,-0.696393361,1.13109189,2.964572989
Burkina Faso,BFA,-1.032642563,3.60861857,1.394565964,4.722707532,1.4641414,5.493463706,3.124174132,2.520320923,4.097478797,-0.107397784,2.23944175,3.466316511,3.309381877,2.684958268,1.282015532,0.884824982,2.890096441,3.27283185
Bangladesh,BGD,3.251504334,3.09815029,1.937755293,2.917548429,3.535168833,4.958595192,5.250594053,5.769882203,4.826436822,3.893892784,4.396111941,5.245005217,5.279833222,4.77281052,4.840807399,5.365769188,5.962713126,6.164763443
Bulgaria,BGR,5.284485354,5.856598353,8.262240877,5.9924829,7.241768715,7.933171408,7.689165792,8.136615286,6.768693063,-2.962963764,1.993279538,2.57051343,0.612051095,1.057909556,2.41800282,4.133514899,4.668314467,4.572306501
Bahrain,BHR,0.852803561,-2.348113492,-1.685176964,0.092711768,0.388553334,-0.354048864,-1.223851718,0.192968424,-1.256630472,-3.555267427,-0.360154395,-1.000610284,1.981224226,4.198862721,2.711193193,0.20331975,-0.399949175,-0.884794674
"Bahamas, The",BHS,2.639570214,0.850000904,0.704002449,-3.325132478,-1.237874849,1.284105523,0.507905951,-0.479092903,-4.102258159,-5.844097593,-0.142879802,-0.961477779,1.570750994,-1.783467958,-1.435823443,-0.174617963,-2.793692967,0.377819871
Bosnia and Herzegovina,BIH,5.287471504,4.273267286,5.17386249,3.905335705,6.04272597,8.752267862,5.474783178,6.008954928,5.718081599,-2.561644251,1.535501887,1.868109553,0.283770536,3.575914101,2.255771738,3.952548062,3.705570292,3.474516419
Belarus,BLR,6.299636506,5.263892143,5.716082247,7.794918029,12.21261814,10.14976732,10.67558665,9.099459986,10.58130516,0.423651119,7.982069183,5.572385837,1.780361776,0.987444297,1.63497133,-3.982648864,-2.648709831,2.457165515
Belize,BLZ,9.231617579,1.857094464,2.224543949,6.515233559,2.010365259,-0.024852445,1.894643824,-1.489757781,0.613111015,-1.818959274,0.914995551,-0.191038498,0.642125846,-1.339855364,1.477261777,1.245787205,-2.664829491,-0.654639739
Bermuda,BMU,8.348323379,6.071369604,-2.116731459,2.736270805,1.655070593,1.018080926,4.94027207,2.267374058,0.929051522,-5.808003155,-1.324384803,-2.501103308,-5.178203827,-2.815614911,,,,
Bolivia,BOL,0.580449667,-0.193520397,0.626496578,0.880169907,2.345783149,2.617250563,3.014237198,2.813307964,4.396898906,1.674131284,2.452273858,3.53285763,3.472792957,5.140099428,3.844087843,3.267949173,2.701313052,2.651663016
Brazil,BRA,2.882260135,-0.015058807,1.680366779,-0.151199946,4.468261964,1.999100091,2.809653455,4.951447604,4.030944857,-1.108159131,6.489928787,2.985150839,0.968695858,2.064562585,-0.384133512,-4.36482691,-4.092763364,0.274131639
Barbados,BRB,4.095008173,-2.679594809,0.507033794,1.868375899,1.097586847,3.626860733,5.272870113,1.354868827,-0.298848671,-4.369836517,-0.128702359,0.287094719,-0.069279288,-0.318054762,-0.291089557,0.608778277,1.728344952,0.744423717
Brunei Darussalam,BRN,0.703799978,0.66690817,1.850755489,1.004802991,-1.210435708,-1.161640293,2.961951444,-1.07816724,-3.074286195,-2.92153579,1.308103911,2.336377027,-0.534908279,-3.56573477,-3.77001402,-1.957072203,-3.768599023,0.028510508
Bhutan,BTN,3.972960527,5.2336757,7.660360299,4.722463803,3.109913046,4.454116703,4.371523942,15.39721708,2.677022729,4.640694092,9.706576106,6.015924803,3.333415455,0.540980785,4.181025813,5.163107585,6.61672321,3.353642316
Botswana,BWA,0.307236221,-1.268664175,4.578678287,3.211855041,1.30272815,3.06242556,6.731371966,6.570048514,4.502092749,-9.216297545,6.678647787,4.162767346,2.557541393,9.293268212,2.225017834,-3.505571068,2.411925661,0.510850121
Central African Republic,CAF,-4.527371948,2.359826068,1.616952716,-7.156950173,4.077034263,-0.873220023,2.929681162,2.796095803,0.419859862,0.350323252,2.020575379,2.663119801,3.782102263,-36.82989636,0.687829612,4.091983725,3.427394581,2.856934347
Canada,CAN,4.258017061,0.748589119,2.090014217,0.793120836,2.05816244,2.188914999,1.808912962,1.077673059,-0.086768936,-4.054323962,1.941577559,2.127591675,0.551584748,1.30361519,1.74722367,0.163265349,0.205758624,1.802411357
Central Europe and the Baltics,CEB,4.622533285,3.798211793,4.138892103,4.773251851,5.863179161,5.214033057,6.84131056,6.792842311,4.128982034,-3.316018894,2.08060426,3.451980504,0.974398118,1.554257066,3.266201683,4.06828453,3.407678009,5.021140494
Switzerland,CHE,3.35438373,0.673371792,-0.592227692,-0.699890146,2.072135872,2.45679894,3.338088149,3.185584618,0.864917227,-3.436225955,1.935433937,0.568370351,-0.060803476,0.687571592,1.206825767,0.186394303,0.497742666,0.684642275
Channel Islands,CHI,5.088043023,-2.215158008,-2.354478253,-3.926049308,-0.516507647,0.639218251,4.128469015,5.152704958,,,,,,,,,,
Chile,CHL,4.044734971,2.084309692,1.927878087,2.932131564,6.040138121,4.608026532,5.191919769,3.811882653,2.471645451,-2.543950469,4.823241065,5.121137917,4.367101911,3.132019318,0.89537447,1.447756314,0.43428304,0.674983936
China,CHN,7.640001655,7.555801672,8.401915061,9.352364262,9.45917505,10.74255231,12.09183627,13.63634486,9.093872102,8.857029819,10.10310072,9.012854035,7.332030984,7.226936454,6.755778416,6.358383356,6.123803825,6.303967123
Cote d'Ivoire,CIV,-4.3357168,-1.956192652,-3.515579751,-3.104989071,-0.559034179,-0.156953168,-0.455535428,-0.295788895,0.375834837,0.981061397,-0.307436734,-6.647608026,8.00176057,6.17436763,6.065754946,6.124571814,5.295011482,5.047386249
Cameroon,CMR,0.961237317,1.719625216,1.561045985,1.851129014,3.977432451,-0.683253793,0.690443666,2.074680989,0.688419344,-0.56519321,0.636570103,1.338592131,1.756738266,2.613702643,3.102738745,2.900267022,1.948836807,0.903557625
"Congo, Dem. Rep.",COD,-9.239756474,-4.766335642,-0.029831099,2.384650964,3.429236238,2.806262935,1.983940773,2.849735839,2.784278926,-0.500119648,3.599043063,3.365772616,3.570436737,4.926509156,5.896416369,3.44510359,-0.903382021,0.381205501
"Congo, Rep.",COG,4.595113178,0.982643623,1.777185896,-1.930885431,0.522812427,4.486666389,2.804197998,-4.895969042,2.001652343,3.975409551,5.454836285,0.53220782,1.097463018,0.871120616,4.155784528,0.08739607,-5.268464946,-5.585314851
Colombia,COL,1.43545282,0.226857288,1.065060726,2.489228212,3.922772027,3.34837565,5.439446434,5.551168521,2.045206544,0.058604955,3.206963611,6.232264851,2.850694341,3.547537302,3.744554111,2.023519393,1.072527479,0.934070318
Comoros,COM,8.08688541,-0.158002157,-0.117108885,-0.300216019,-0.47240465,0.416533343,0.222132637,-1.58712863,1.530002524,0.744011366,1.325682766,1.613333795,0.73399242,2.014989816,-0.304648138,-1.245913887,-0.146483955,0.39699141
Cabo Verde,CPV,11.97489493,0.241699657,3.297687843,2.355794752,8.425819327,5.357320995,6.584978002,13.83463241,5.504249144,-2.311434992,0.371907559,2.805938975,-0.080767942,-0.384688683,-0.598750895,-0.220579514,3.415889745,2.713443704
Costa Rica,CRI,1.803821045,1.642849889,1.603629169,2.669473565,2.814849521,2.38408022,5.720727866,6.665863043,3.231143355,-2.26692409,3.635324396,3.055681443,3.58892727,1.133016576,2.401894438,2.548026585,3.185303306,2.259506116
Caribbean small states,CSS,3.086591147,1.312019482,2.929240239,5.018441399,3.255269432,3.022335552,6.108312496,2.547405498,0.596397566,-4.16511255,0.812047431,0.457712975,0.671488886,0.248173098,0.04368555,0.4584555,-2.411316546,-0.342035826
Cuba,CUB,5.527869119,2.854754187,1.14041943,3.544567351,5.563483202,11.03105381,11.94701384,7.191405004,4.060975651,1.371998715,2.25981038,2.60673959,2.766054888,2.477313337,0.803785555,4.240727505,0.386323552,1.706800865
Curacao,CUW,,,,,,,,,,,,,,,,,,
Cayman Islands,CYM,-3.552474392,-3.183299474,-1.53254057,-0.858694708,-1.811344849,3.602145119,1.654198397,0.253079819,-3.074102526,-9.513686234,-4.867839363,-0.747827952,-0.431511048,-0.192030664,1.264914673,1.476602575,2.169155231,1.572775711
Cyprus,CYP,4.844168548,2.838097364,2.541045775,1.383603443,3.630815343,3.353752826,2.981292304,2.88407631,1.07653062,-4.610633401,-1.280429629,-2.125886766,-4.34671215,-5.580070362,-0.219240256,2.544489347,4.332535438,3.26637059
Czech Republic,CZE,4.559530329,3.296140657,1.848772611,3.632645491,4.874640468,6.386207215,6.564559092,4.988202195,1.834145073,-5.343397791,1.975868189,1.567627263,-0.938553682,-0.516675079,2.607037043,5.102415767,2.253976555,4.075766344
Germany,DEU,2.822696604,1.524537695,-0.167987063,-0.764861234,1.191936522,0.763909706,3.817196752,3.39870617,1.274699038,-5.37941105,4.239504345,5.599481428,0.303518386,0.215722046,1.752995962,0.862012076,1.420238939,1.740555776
Djibouti,DJI,,,,,,,,,,,,,,,7.07261105,7.880204553,7.000971092,2.496580819
Dominica,DMA,2.672923048,-0.05419564,-3.043193848,5.945232972,2.631926331,0.302788311,4.392704196,6.139403007,6.933852575,-1.384819666,0.375203641,-0.610439129,-1.506496293,-1.096416396,3.846712555,-3.061976014,1.990915655,-9.997762216
Denmark,DNK,3.400722038,0.462530611,0.145880086,0.117373434,2.403208255,2.055133635,3.572035729,0.462745499,-1.094850555,-5.413991945,1.419488116,0.920390598,-0.149947287,0.513432702,1.105414721,1.62219522,1.603672642,1.606572242
Dominican Republic,DOM,3.029856553,0.874945236,2.896032078,-2.836066147,1.046308852,7.83414398,7.615936334,5.912647616,1.793963117,-0.410140874,6.914234903,1.80546548,1.424113959,3.586402333,6.347731472,5.787507776,5.406832887,3.403978349
Algeria,DZA,2.427875701,1.676475844,4.279453027,5.850520833,2.943232296,4.452752236,0.210971674,1.799196896,0.713952801,-0.101599762,1.763682018,0.930355173,1.321109306,0.696353667,1.733280904,1.790253965,1.431403437,-0.151006712
East Asia & Pacific (excluding high income),EAP,6.448072214,5.714758461,6.903795473,7.809231921,8.052381451,8.841148181,9.924570882,11.3386484,7.649513525,6.928075203,9.000707434,7.688629727,6.733750388,6.418427137,5.988071105,5.733373466,5.560961559,5.812238456
Early-demographic dividend,EAR,2.626712257,-0.765902547,-0.130411691,3.049355827,4.98301762,4.418216075,4.46437584,4.21573985,1.858632873,-0.893979257,4.55618229,3.408048358,2.714067912,2.80198557,2.550795413,3.204392635,3.372650846,3.308919145
East Asia & Pacific,EAS,3.906796464,1.762871698,2.739920888,3.431289686,4.346152172,4.270921043,4.770108468,5.720657624,2.79171113,0.701750161,6.346889414,3.921072013,3.973801866,4.041746373,3.419532106,3.464947477,3.39714018,3.850695384
Europe & Central Asia (excluding high income),ECA,7.982946654,2.686287696,5.565519731,6.787243776,8.173756612,7.029623435,7.984164728,7.482822774,4.089729622,-6.407467513,4.616843338,5.965260275,3.109191119,3.381402839,1.622743743,-0.056741562,0.902514902,3.497266713
Europe & Central Asia,ECS,4.184274753,2.071675891,1.560522777,1.60309428,2.938464924,2.447868346,3.614792485,3.330865005,0.600904452,-4.862776416,2.288248478,2.189428842,-0.090024739,0.417210942,1.380963038,1.513573828,1.426061193,2.21194509
Ecuador,ECU,-0.748585969,2.201541046,2.35038446,1.04137934,6.448472843,3.562015064,2.66753642,0.478152631,4.574821686,-1.101802097,1.837978037,6.143477932,3.981860644,3.325690087,2.212336985,-1.396971243,-2.677388605,0.891867725
"Egypt, Arab Rep.",EGY,4.423365172,1.615120371,0.467406858,1.252073862,2.158922856,2.57187224,4.956141851,5.232231799,5.281134529,2.755494833,3.093756299,-0.356023819,-0.003922723,-0.083564439,0.668288269,2.18436429,2.263270591,2.190073004
Euro area,EMU,3.518895771,1.768185575,0.530583739,0.176888865,1.764204944,1.180594722,2.755965113,2.522210603,-0.049892694,-4.826829627,1.928022737,1.856634691,-1.076197152,-0.585463584,1.053003306,1.791351902,1.627463061,2.126254118
Eritrea,ERI,-5.726673438,5.511142661,-0.34336523,-5.874738983,-1.712742567,-0.278298786,-3.346965062,-0.69005245,-11.47336358,2.004025688,0.320461257,6.643278697,,,,,,
Spain,ESP,4.819364022,3.281734814,1.436815991,1.338243755,1.40190868,1.985476006,2.428012521,1.865813028,-0.482674966,-4.424062114,-0.445350775,-1.349930077,-2.990755144,-1.383096773,1.683527291,3.725128085,3.086610965,2.736942516
Estonia,EST,10.03454067,7.008146762,6.750451033,8.092451367,6.932101241,10.00140285,10.9240292,8.240850138,-5.165513258,-14.55986124,2.492551994,7.924443455,4.681290004,2.299973572,3.158749591,1.833510263,3.458973517,4.729813023
Ethiopia,ETH,3.048595469,5.21013881,-1.372345691,-4.923348023,10.40812786,8.754413049,7.849727259,8.498162784,7.879151529,5.960263055,9.61633504,8.284116589,5.830163311,7.734564367,7.450233085,7.622224692,4.904146491,7.56287112
European Union,EUU,3.711156042,2.038367529,1.098631216,0.941665893,2.160859424,1.707650067,2.96201674,2.678808039,0.10416966,-4.635852264,2.012482515,1.81455623,-0.611455175,-0.039824342,1.464571134,2.042118186,1.743130295,2.213092506
Fragile and conflict affected situations,FCS,-0.625707781,0.266947665,-3.123034587,-7.176883119,11.16781256,4.010032585,4.154795102,2.923679421,2.94216736,2.060862118,4.040012607,-7.696872409,11.23560777,1.3178715,-1.248678986,-0.097568243,2.762815569,0.575228126
Finland,FIN,5.415770114,2.347494292,1.434169687,1.751061795,3.624745135,2.428793345,3.656622696,4.738263812,0.252853935,-8.706689219,2.522229366,2.096442142,-1.89409884,-1.214215943,-1.041827134,0.170173611,2.47696111,2.411916727
Fiji,FJI,-2.273035433,1.624805112,3.013638766,0.884110942,5.077910829,0.275667349,1.163873936,-1.729659003,0.011133119,-2.384600404,1.998933778,1.859893596,0.655600892,4.005724601,4.877361153,3.10609417,-0.358360745,3.02714746
France,FRA,3.16612187,1.21513239,0.385759039,0.107470252,2.032373248,0.844673537,1.663664041,1.730142884,-0.363093901,-3.439413772,1.463158942,1.699637901,-0.171190115,0.059916188,0.472941009,0.691909721,0.767935231,1.787036904
Faroe Islands,FRO,,,,,,,,,,,,,,,,,,
"Micronesia, Fed. Sts.",FSM,4.936955428,2.000694949,0.771040572,2.106216053,-2.913529123,2.422901659,0.353113933,-1.397009087,-1.656176733,1.681326889,2.380664276,3.494894175,-2.022622,-4.043016749,-2.450489096,4.511505276,0.21634981,2.606480709
Gabon,GAB,-4.301698134,-0.384205745,-2.726606782,-0.349913193,-1.971907554,-0.171909032,-5.612912579,2.851127309,-6.280019971,-3.046507419,3.599726289,3.501774349,1.673485564,2.124483507,1.064800289,0.947842564,-0.466843657,-1.755177131
United Kingdom,GBR,3.294397029,2.150119224,2.025052232,2.845899829,1.78371343,2.390644137,1.705659242,1.562786241,-1.252779497,-4.909740527,1.385170848,0.853333205,0.744129587,1.365402454,2.174919629,1.538704318,1.065018745,1.163278553
Georgia,GEO,3.838100804,6.443909889,6.424464358,11.81068906,6.453167022,10.28671226,10.04455233,13.16757814,2.729712867,-2.790523724,7.027314784,8.085074664,7.136715052,3.698679022,4.574218322,2.71842895,2.787471014,4.819198412
Ghana,GHA,1.174953596,1.41444273,1.862303982,2.51293891,2.884067146,3.169311895,3.650514152,1.649515843,6.346275112,2.190061334,5.222157939,11.27926346,6.696690312,4.814854481,0.545402559,-0.11948609,1.159622517,5.79219084
Gibraltar,GIB,,,,,,,,,,,,,,,,,,
Guinea,GIN,0.701955566,1.779641712,3.251691755,-0.62744306,0.394936359,0.980728623,-0.884977497,4.549523521,1.852612703,-3.303714548,2.51296746,3.305613565,3.60451523,1.636142317,1.345307677,1.359217666,7.741824286,7.810317326
"Gambia, The",GMB,2.380504519,2.581352536,-6.264167007,3.488767024,3.653129019,-4.071517947,-2.051125178,0.392715897,2.442872701,3.139260685,3.215648415,-7.266178918,2.332255424,1.56526567,-3.96328942,2.670235234,-2.594551833,1.468289178
Guinea-Bissau,GNB,3.524478286,0.231171326,-2.976231837,-1.538386266,0.543616507,1.963594109,0.004069799,0.885624632,0.772482512,0.875296053,2.026961315,5.357595252,-4.231756792,0.593533586,-1.624224636,3.449628433,3.619137221,3.325091972
Equatorial Guinea,GNQ,13.52139008,56.88336477,14.68634277,9.328208879,32.24777242,11.73847006,2.960129721,10.12357061,12.49649567,-3.192905178,-12.9453419,1.897162659,3.692596952,-8.127375816,-3.64608292,-12.66440227,-11.98598812,-8.381668707
Greece,GRC,3.495563615,3.591652802,3.542622806,5.542360849,4.801378733,0.304568132,5.335601875,3.010984003,-0.599389804,-4.552117255,-5.600777667,-8.997955016,-6.797860844,-2.537258522,1.413058085,0.220308467,0.225031021,1.716915727
Grenada,GRD,4.705258275,-2.245154083,3.183035888,9.169931011,-0.91940779,12.95068087,-4.280909402,5.788440729,0.613414321,-6.94099803,-0.873378681,0.383302203,-1.535600989,1.937795689,6.888903727,5.981790134,3.258099913,4.564246702
Greenland,GRL,6.911024645,0.999463557,-1.424258359,4.145008509,6.786629388,4.789627374,5.855030281,2.748781079,6.593978749,0.874906571,0.695314556,-0.470283635,1.536976945,-1.125540414,5.664423224,0.633667082,7.525033282,
Guatemala,GTM,1.265234415,-0.020465765,1.451331591,0.138797076,0.762513658,0.901731128,3.012292531,3.950844228,1.024086609,-1.649616223,0.660219275,1.94277002,0.797748245,1.535644255,2.032631972,2.03275711,1.040638351,0.749095402
Guam,GUM,,,,0.575694306,6.171835823,3.337413465,-3.97776594,0.686358791,1.613782619,0.191250318,1.955229242,-0.023799433,1.837640903,1.569872932,1.359155116,0.045602661,-0.426063402,-0.621181151
Guyana,GUY,-1.104938248,2.420650699,1.183604596,-0.628657029,1.591051754,-1.858777019,5.318242132,7.267488725,2.189122883,3.638394678,4.018061694,4.83904358,4.718395163,4.309408216,3.124314641,2.474984148,2.6763036,2.321827967
High income,HIC,3.342716295,0.751024554,0.774105652,1.469780974,2.600692103,2.062999315,2.259521074,1.845256961,-0.4822681,-4.141253162,2.414232122,1.387488474,0.650889023,0.8316135,1.361032252,1.740799852,1.114312056,1.672953094
"Hong Kong SAR, China",HKG,6.718484859,-0.177501159,1.207449664,3.259957274,7.855551142,6.920120481,6.347493911,5.553548741,1.518795715,-2.668881261,5.986403751,4.112128288,0.583753601,2.687870744,2.04317211,1.520021198,1.532116052,3.017655998
Honduras,HND,4.543967509,0.132836617,1.182897655,2.010377579,3.720590532,3.615921293,4.193582818,3.893642533,2.051207504,-4.403183848,1.708904258,1.885918082,2.242810082,0.985254206,1.286505407,2.083154798,2.021160274,3.063958783
Heavily indebted poor countries (HIPC),HPC,-0.083146442,1.380184457,0.604666473,1.544129218,2.565364921,3.105020673,3.21144358,3.601217863,3.133021174,1.366367818,2.934257536,1.627955836,2.787711913,2.867370071,2.673990065,2.063022793,1.650032937,2.372787247
Croatia,HRV,4.801320178,7.510485233,5.19141773,5.551132228,3.885564186,3.975628051,4.843152191,5.306662281,2.048582715,-7.194010249,-1.249182277,0.004493969,-2.001562099,-0.214223015,0.320303397,3.247961091,4.261739571,4.164495385
Haiti,HTI,-0.838425958,-2.676455624,-1.856589284,-1.221830059,-5.031811948,0.219964354,0.662115611,1.749025245,-0.695362963,1.536497307,-6.884637,4.010975393,1.443634179,2.809536875,1.442032508,-0.098396905,0.178175907,-0.060334351
Hungary,HUN,4.480230707,4.078972346,4.826275599,4.146503072,5.2376979,4.596027828,4.013012335,0.590470886,1.032263083,-6.455177065,0.910191644,1.946123509,-1.122076866,2.375163591,4.505791335,3.782985154,2.583085053,4.414292063
IBRD only,IBD,4.385025794,2.103284555,2.967483221,4.222722934,6.531139316,5.760614077,6.803164723,7.38558271,4.482528233,0.99079505,6.256779901,5.017809517,3.977839402,3.917424527,3.253551501,2.79830706,3.223439001,3.95019853
IDA & IBRD total,IBT,4.002969314,1.905719017,2.796721391,3.912526566,6.173057797,5.434007104,6.389270149,6.941839795,4.156861187,0.888090816,5.857491431,4.600735555,3.670691362,3.656459859,3.022264813,2.497836822,2.81750444,3.567108809
IDA total,IDA,1.409208638,2.037362043,3.419664838,2.640119655,4.354143529,4.067587945,3.878455016,4.078372184,2.934063721,2.841615387,3.809494915,2.266352275,2.837533075,3.540619156,3.367305493,1.893208061,0.815531192,1.969606133
IDA blend,IDB,1.437249697,1.691228328,5.467374274,2.667201981,5.376658819,4.073280179,3.611067487,3.565084861,2.014417634,3.323157569,3.763408009,2.51722173,2.14824371,3.381533713,3.418549894,1.451159026,-0.710684457,0.502416851
Indonesia,IDN,3.467897895,2.21034398,3.057408677,3.337425898,3.589173046,4.248258287,4.066289193,4.90681495,4.590605774,3.238193028,4.82944014,4.794247841,4.677119579,4.23837264,3.731244892,3.645003674,3.845094007,3.922801676
IDA only,IDX,1.451448437,2.490238457,1.373045622,2.707331503,3.353835897,4.130902774,4.216474086,4.655956595,3.916484381,2.33120569,3.809145306,1.945575446,3.535742267,3.668485633,3.27485194,2.327383582,2.389319177,3.446440789
Isle of Man,IMN,4.464341592,4.457622569,4.897279924,5.305655016,4.147173826,4.81899474,6.585388637,6.333099179,3.62412331,1.081895997,2.435370666,1.132307235,2.379785274,3.726567739,4.266436615,-1.587540731,6.668925326,
India,IND,2.015558933,3.021236285,2.05811615,6.086693622,6.187574525,6.227122204,6.399886881,6.045154186,1.582725255,6.340850651,7.024732476,3.869694824,4.134717786,5.096691727,6.140334036,6.742700311,6.934611415,5.966811811
Not classified,INX,,,,,,,,,,,,,,,,,,
Ireland,IRL,8.109100455,4.132422633,4.53281466,1.453350166,4.748482142,3.721796583,2.714803591,2.210718729,-5.874566255,-5.590539849,1.331823304,3.269687015,-0.240975024,0.804727124,8.008095921,23.9406537,3.809110852,5.974123276
"Iran, Islamic Rep.",IRN,4.146594702,-0.67012787,5.866156109,7.424032766,3.168519679,2.010652781,3.811537518,6.949722231,-0.869983585,-0.146819349,4.549452582,1.389260858,-8.609153935,-1.459521534,3.301786802,-2.501153074,12.1010153,2.623379368
Iraq,IRQ,-1.550923449,-0.589562407,-9.467217187,-34.89766788,50.12184072,1.726410407,7.416023603,-1.095281207,5.547690222,0.670778342,3.400141878,4.277568331,10.28814328,4.085941243,-2.530283268,-0.670722384,9.722001595,-4.816035897
Iceland,ISL,3.180535725,2.555173299,-0.343011523,1.650343748,7.129618297,4.719737643,2.580699635,6.694382385,-0.2140387,-6.823754003,-0.760803543,1.570878214,0.758868483,3.15350746,0.950932858,3.385018758,5.871643732,1.613274967
Israel,ISR,5.348297353,-2.304848232,-1.835308756,-1.035485988,2.737556869,2.313766949,3.367241645,3.9114933,1.174882082,-1.012892748,3.373061214,3.046128308,0.248269466,2.219202474,1.922549762,0.555195635,1.988826152,1.458420393
Italy,ITA,3.663132784,1.715041815,0.099371983,-0.29287378,0.926640896,0.454827381,1.700456258,0.962784205,-1.703747,-5.911711979,1.37422513,0.403801715,-3.080603909,-2.860800443,-0.800672819,1.021306015,1.317488978,1.724090502
Jamaica,JAM,0.044067051,0.58221462,1.299699503,3.014130114,0.719743275,0.309463186,2.317356713,0.876894828,-1.332718939,-4.812906004,-1.917047895,1.284166325,-1.017182628,0.12267357,0.326467523,0.558873548,1.049179901,0.666079138
Jordan,JOR,2.442890351,3.437238308,3.903743385,2.051763431,5.844659973,4.767948281,4.0837791,3.652513453,2.331125123,0.353701093,-2.834867477,-2.729526294,-2.712585066,-2.315333473,-1.536254581,-1.520903922,-1.194737204,-0.621184161
Japan,JPN,2.607851315,0.164695475,-0.114538322,1.311201372,2.170289266,1.653122597,1.355753419,1.537441316,-1.141424849,-5.404594188,4.173027538,0.069762808,1.657317593,2.147531753,0.507999337,1.461441948,1.054626754,1.902029029
Kazakhstan,KAZ,10.13050011,13.69319315,9.795470245,8.93293015,8.841004823,8.729207193,9.535335075,7.661436102,2.049064285,-1.433769665,5.794225111,5.873514056,3.334055983,4.485116947,2.676714897,-0.268267118,-0.327514633,2.693432134
Kenya,KEN,-2.119448625,0.983246529,-2.155036134,0.16744291,2.275305979,3.04702973,3.588091308,3.950219017,-2.488070028,0.511532948,5.487937129,3.269457944,1.78472733,3.09106245,2.616082371,3.005917272,3.192388364,2.260954223
Kyrgyz Republic,KGZ,4.178358668,4.326959715,-0.930894091,5.914004509,5.739526636,-1.295107319,2.000426334,7.512743595,7.376440391,1.651651519,-1.651753118,4.674715696,-1.738142576,8.735789199,1.957996974,1.758864491,2.23180525,2.5807863
Cambodia,KHM,8.26388427,5.279745746,4.619768224,6.662207979,8.564615305,11.48501674,9.091672812,8.5831286,5.124959813,-1.402853817,4.344744362,5.381940556,5.577812185,5.599918784,5.40187153,5.333422892,5.203878487,5.473812703
Kiribati,KIR,4.437332654,-3.13688265,2.022875002,0.225416645,-3.418766709,2.924783436,-2.101115963,-0.137947595,-4.20894317,-1.330215788,-2.935288471,-0.350817094,2.791189888,2.369278952,-2.426612572,8.491113087,3.302765569,-1.398032025
St. Kitts and Nevis,KNA,9.068894901,4.103935254,1.039458368,-4.801578421,2.615396649,8.251015885,1.664954839,-1.201566115,5.326329856,-4.420514627,-2.53671813,0.685933325,-1.760736774,4.3194538,4.930664817,1.11367483,1.32272127,0.212691764
"Korea, Rep.",KOR,8.017418225,3.726413585,6.813310902,2.401073253,4.484912194,3.703594867,4.625216748,4.931903195,2.051380609,0.190517264,5.967519429,2.887463263,1.756043816,2.428866761,2.694343122,2.249661522,2.465812967,2.62122194
Kuwait,KWT,-0.087721076,-2.069995635,1.343511841,15.95242323,8.814722407,6.755042516,2.968660685,0.65052254,-3.274442247,-12.56789523,-8.200908123,2.99902776,0.204573952,-4.552396214,-4.389787514,-3.326224124,0.562920188,-4.837596319
Latin America & Caribbean (excluding high income),LAC,2.68084188,-0.297475511,-0.249262848,-0.476370051,4.630434546,2.567316786,3.752777908,4.023672325,2.709562894,-2.777333178,4.332835553,2.998169193,1.835806036,1.57206519,0.150216375,-1.429186916,-1.402444615,0.619955295
Lao PDR,LAO,4.051385514,4.086129804,4.32522455,4.500934817,4.762706973,5.443052798,6.849041478,5.780619731,6.000506384,5.757048091,6.889552029,6.550945354,6.650641642,6.705811096,6.272785911,5.85998123,5.528425711,5.337134727
Lebanon,LBN,-1.123887165,-0.007906453,-1.361544472,-1.754483852,1.841934103,-0.43661514,-0.06566712,8.561877288,8.595615511,8.157364683,4.201516321,-4.607850819,-4.059458985,-4.345686804,-3.984931196,-4.008654966,-0.887844109,0.265666504
Liberia,LBR,,-0.748013921,1.33293079,-31.34149829,0.675590718,2.543125128,4.375870042,5.260608552,2.756275959,1.196984158,2.428991914,4.956417915,5.116882094,6.048035869,-1.694315365,-2.419848249,-4.035205099,-0.088441348
Libya,LBY,2.099793403,-3.294333074,-2.516787985,11.23628571,2.835457172,10.17260859,4.89352376,4.768226701,1.264394684,-1.891878756,4.202673407,-62.225087,122.9683015,-13.56809485,-24.09969011,-9.312937993,-3.695930027,25.05903095
St. Lucia,LCA,-1.099823276,-4.181878596,-0.46506705,3.552210978,6.402725549,-1.274587548,5.181987465,0.231127212,4.109056198,-2.113980652,-0.73742312,2.770721409,-1.199389917,-1.786646681,3.116199897,-1.373723431,2.895403888,3.336423358
Latin America & Caribbean,LCN,2.307651921,-0.510091872,-1.04869476,0.237339681,4.979547946,2.927535963,3.943268925,4.201671069,2.637436338,-3.069262832,4.583030127,3.1700084,1.605675663,1.600487681,-0.098116261,-0.980960577,-1.396271028,0.691932013
Least developed countries: UN classification,LDC,1.60364905,2.641523367,2.649382857,2.723646102,4.250972237,5.651379351,5.232263983,5.866423706,4.67579492,2.155240239,3.755986637,1.539168735,3.478765662,3.164506455,2.98944005,1.77900155,1.300684832,2.44351738
Low income,LIC,-0.574204691,1.729839283,-0.422822855,0.176405117,2.567769395,2.984817746,2.10842463,2.965876899,2.060788682,2.431375653,4.430992333,1.516499194,3.60236296,2.943646219,3.114212079,0.745675287,0.604288273,2.43038122
Liechtenstein,LIE,1.84334293,-1.868126367,-2.003829098,-2.803302017,2.220125856,4.058076467,7.892705203,2.661929391,1.170818302,-1.77928931,,,,,,,,
Sri Lanka,LKA,5.363223809,-2.227951116,3.166932958,5.080151487,4.58925021,5.414540047,6.871361077,6.038668933,5.232754431,2.872273886,7.356764898,7.782192082,8.556858782,2.59207381,3.985755207,4.066090036,3.30111226,2.147755952
Lower middle income,LMC,2.578927456,2.65198554,2.990767658,4.469990096,5.271605945,4.933000264,5.31906809,5.419244984,3.069242385,3.291361949,5.196804599,3.432583264,3.621191823,4.050614521,4.108702411,4.044076271,4.060314466,4.063224499
Low & middle income,LMY,4.212745199,2.172046486,3.236984454,3.891843478,6.219178928,5.506818678,6.452456026,7.002044174,4.237815402,1.127782858,5.91100487,4.62492061,3.87804084,3.797310486,3.197591333,2.533766157,2.970449912,3.631699839
Lesotho,LSO,2.865417938,2.614020779,-0.14223643,3.699301026,0.870358861,2.626789444,3.375377834,3.953752584,5.797897927,1.178959483,4.962637554,5.678334079,4.691461124,0.524254229,1.755716182,1.402829852,1.81301816,-3.577779204
Late-demographic dividend,LTE,5.972707174,3.970628077,4.836113131,5.646941928,7.169249538,6.480618712,8.059865314,8.943708262,5.862694041,2.006478245,6.997419782,6.222939258,4.722073435,4.546128087,3.951257899,3.185370105,3.087690803,4.168590211
Lithuania,LTU,4.564578544,7.405827885,7.621237453,11.44010186,7.753374949,9.496003072,9.13481652,12.41447913,3.689037016,-13.86303536,3.793652566,8.465325784,5.228863385,4.551312008,4.431668573,2.984919619,3.662076001,5.606389382
Luxembourg,LUX,6.7946998,1.318613123,2.737471625,0.401760622,2.149919484,1.605863285,3.514143359,6.693995465,-3.02853191,-6.113373324,2.968122577,0.285277468,-2.717088654,1.286206821,1.867277357,1.492307797,0.227761912,-0.893127173
Latvia,LVA,6.42782534,7.845160997,8.354650672,9.483645973,9.524301376,11.89968367,12.920438,10.88056627,-2.528643112,-12.97671132,-1.920431852,8.33571298,5.333067417,3.532806538,2.822017909,3.818117077,3.001407859,5.567905524
"Macao SAR, China",MAC,3.430890716,0.51583157,6.322190861,8.923351584,23.71577588,5.572493577,10.84268146,12.06180424,1.277871159,-0.793904923,22.54511404,18.91086697,6.694852531,8.629907118,-3.372476886,-23.18116311,-2.680942167,7.273650068
St. Martin (French part),MAF,,,,,,,,,,,,,,,,,,
Morocco,MAR,0.68130758,6.030229274,1.888807858,4.701236227,3.560604559,2.082168087,6.327523823,2.334515052,4.676596363,2.964299665,2.471154038,3.804739156,1.53897028,3.012707323,1.18559229,3.067390575,-0.24626284,2.720406761
Monaco,MCO,2.996862225,1.309850998,0.193612831,0.154411026,1.298568362,0.451094753,3.912823394,12.13777898,-1.352906209,-12.97056397,0.513602512,5.922923416,0.220550441,9.028297661,6.727105601,4.462915876,2.69910666,
Moldova,MDA,2.315573435,6.337533539,8.049932026,6.900602916,7.666090083,7.761873817,5.09166889,3.238976578,8.005387613,-5.881261331,7.207008539,6.861770531,-0.686972241,9.429297912,4.863915898,-0.335853401,4.563371563,4.581204488
Madagascar,MDG,1.54230951,2.796227787,-15.29998908,6.518985024,2.15979964,1.558223501,1.999111367,3.216004305,4.112602671,-6.686150503,-2.498148653,-1.309243342,0.249146997,-0.481736333,0.562544448,0.375158368,1.416050894,1.415502391
Maldives,MDV,1.660627638,-6.166778647,4.602903158,10.78857153,3.228030066,-15.42128289,22.82359813,4.925748928,6.634717312,-9.701074646,4.319473267,5.493197326,-0.421672655,4.25914794,4.477102315,0.387224866,4.943279388,4.810851333
Middle East & North Africa,MEA,3.77829515,-0.686614241,-0.266867144,3.502718905,5.988861041,2.982126409,3.821540298,2.943402119,2.248159071,-1.629774933,2.81432791,1.550825688,1.77413566,0.657929353,0.946531947,0.604995194,2.952340432,-0.142492731
Mexico,MEX,3.478398611,-1.706402781,-1.274111247,0.212547786,2.604406476,0.915079042,2.957299317,0.696320208,-0.480829743,-6.797347221,3.493025931,2.121358427,2.151277927,-0.058379273,1.40933167,1.918364101,1.567086627,0.759384587
Marshall Islands,MHL,5.728282158,5.314902802,2.665038661,0.250859654,0.199290286,2.953018107,1.391904337,3.535874742,-1.797441747,-1.827732422,6.240425822,0.981155106,3.220159039,2.606791654,-0.953935541,-0.545038809,1.77222273,3.481047302
Middle income,MIC,4.403172056,2.294171691,3.42044894,4.082452213,6.415238479,5.686476878,6.667021761,7.215656047,4.419506296,1.250760112,6.08091181,4.815612061,4.022024517,3.949278126,3.339166887,2.705286925,3.155577593,3.803636631
North Macedonia,MKD,4.013498584,-3.447947544,1.192195412,1.998684525,4.490187553,4.559806165,4.990618257,6.354252685,5.374048213,-0.441204173,3.276592506,2.258700872,-0.535259005,2.840283962,3.542048486,3.76505603,2.754646641,0.146495602
Mali,MLI,-2.830625892,12.05011235,0.044096885,5.790524044,-1.609907015,3.148153035,1.273156684,0.099161466,1.345141527,1.322384779,2.13752128,0.145208782,-3.721145407,-0.621567621,3.982606553,2.898828067,2.701922163,2.289821349
Malta,MLT,6.083458858,-0.144491274,2.217929032,1.871518277,-0.228933647,3.12420097,1.45839227,3.624422341,2.676265866,-3.19485642,3.035346348,0.894429973,1.79334444,3.152576935,5.976873728,7.036609437,2.849611123,3.54748417
Myanmar,MMR,12.37386906,10.07235237,10.80824333,12.6854174,12.50442933,12.61109864,12.23379145,11.25097185,9.568621748,9.837575216,8.858004101,4.761975769,6.420137223,7.45301583,7.000969064,6.013869218,4.898526951,5.787698479
Middle East & North Africa (excluding high income),MNA,2.543965912,0.418119803,1.545808865,1.027086172,6.160805909,2.725843733,3.636982645,4.215892493,1.66359412,0.701043611,3.360673744,-2.738377114,0.925308697,-0.184057848,0.27525246,-0.772605726,5.626569977,1.341788138
Montenegro,MNE,3.279116513,0.694028045,1.492452134,2.09168549,4.21514984,4.045971664,8.465094264,6.652599959,7.009914599,-6.001869984,2.511984928,3.091653805,-2.78184099,3.399033655,1.701279491,3.341997785,2.876189091,4.688224104
Mongolia,MNG,0.248527718,2.002224402,3.709375039,5.894107981,9.404944418,5.996480427,7.216645273,8.816226149,7.389554248,-2.754515797,4.62573163,15.21527589,10.2160877,9.513267652,5.863633873,0.557729593,-0.519897415,3.649755815
Northern Mariana Islands,MNP,,,,2.405529894,-0.523357452,-10.03703407,-3.787795657,-3.303222516,-7.84620672,-14.92850831,3.712207988,-6.597370205,0.664901975,1.803758873,2.962747572,2.739814295,27.74145808,24.86772083
Mozambique,MOZ,-1.038624639,9.561226669,5.662619897,3.384224216,4.647304059,5.549083093,6.667839414,4.322998983,3.796372665,3.289389593,3.616157848,4.035382876,4.118748886,4.070366756,4.372211915,3.556040969,0.816298214,0.802146384
Mauritania,MRT,-3.390858597,-0.965499686,-2.225390263,2.971808322,2.768877406,5.91003492,15.54981759,-0.038013366,-1.734397492,-3.829016935,1.776528807,1.658734396,2.685863691,2.973527881,2.520430662,-1.471092867,-0.814462529,0.709690598
Mauritius,MUS,7.960482438,1.766383058,1.406856776,2.909439009,5.084706543,0.6437088,8.033086826,5.246585887,5.006744006,3.040994271,4.129139514,3.910912065,3.209500719,3.132785485,3.557137665,3.41601051,3.766616242,3.724881006
Malawi,MWI,-1.386655835,-7.572347967,-0.990687452,2.93825265,2.598279007,0.388597017,1.662901625,6.339889587,4.394494538,5.064058853,3.685599645,1.76415977,-1.087023305,2.154881414,2.655168323,-0.152737774,-0.450112622,1.037151983
Malaysia,MYS,6.373645714,-1.659455559,3.21379965,3.689363517,4.724444449,3.340042071,3.629439299,4.373375781,2.955529201,-3.277070328,5.487819075,3.371387329,3.537835041,2.803783623,4.178597991,3.397848423,2.672420491,4.433674457
North America,NAC,3.067393808,0.056878033,0.964635906,1.81669825,2.754627447,2.376384416,1.695168124,0.840696471,-1.120151242,-3.667213498,1.877901689,0.942028513,1.40557319,1.152769099,1.706638089,1.930710279,0.772199157,1.585643643
Namibia,NAM,1.246341751,-0.618884504,3.26389218,2.960078551,11.00153229,1.370470781,5.84719548,4.148970187,1.36033885,-1.143204713,4.276295795,3.077802309,2.819635627,3.217220154,3.908317291,3.69970043,-1.556163898,-3.061998592
New Caledonia,NCL,0.177142857,,,,,,,,,,,,,,,,,
Niger,NER,-4.927825279,3.292147992,-0.663362776,1.548961993,-3.485066746,0.729000343,1.954810297,-0.624465143,5.556471265,-4.388023765,4.328891196,-1.54741455,7.642445755,1.29943131,3.475427577,0.410746642,0.987224312,0.965009884
Nigeria,NGA,2.419602386,3.290983616,12.45793041,4.65822009,6.490049731,3.722108658,3.326685002,3.822609349,3.973446916,5.199742695,5.161380434,2.528531945,1.476169783,3.857865802,3.519624231,-0.022235184,-4.160106639,-1.780015214
Nicaragua,NIC,2.504155079,1.468050058,-0.628946883,1.168136141,3.947121481,2.93266431,2.797514097,3.708311577,2.09712763,-4.522715723,3.115518798,5.03350515,5.240603327,3.715792807,3.596299704,3.596592092,3.503364017,3.720109815
Netherlands,NLD,3.496351713,1.356291618,-0.533288286,-0.188116954,1.67678994,1.921933547,3.352505331,3.473151677,1.30392362,-4.261221542,2.109955357,1.078628207,-1.395919341,-0.424178645,1.05910126,1.508266162,1.649315552,2.262462406
Norway,NOR,2.53760563,1.570033303,0.892137,0.329646559,3.346523463,1.928146092,1.573721897,1.924927141,-0.763761382,-2.923059713,-0.554839174,-0.329403687,1.381260571,-0.170023872,0.831566884,0.960396302,0.299839821,1.160086441
Nepal,NPL,4.25448975,2.974417505,-1.528661758,2.344111688,3.198460315,2.143983617,2.167897034,2.329789752,5.058607583,3.496219024,3.722470868,2.271277472,3.558003997,2.880963551,4.724406092,2.122094959,-0.544446317,6.719249688
Nauru,NRU,,,,,,,,,35.16253596,8.681550497,12.64468552,11.32915718,7.708964768,27.49245035,24.63741377,-2.317796345,5.543723649,5.554091793
New Zealand,NZL,1.690185568,3.187779741,3.251266692,2.497332209,1.746166235,2.159226735,1.330154544,2.797444369,-2.377575125,0.902257284,-0.154049343,1.915741444,1.939030941,1.237160316,1.992861249,2.480000851,1.321864437,0.659636492
OECD members,OED,3.298316606,0.656424648,0.856490923,1.252456689,2.456190874,1.990614408,2.200973431,1.752856897,-0.589727374,-4.231380808,2.320901823,1.297783843,0.647486711,0.832254487,1.382741991,1.794898173,1.138750862,1.766123828
Oman,OMN,4.793825268,3.262422851,-2.774024093,-4.748815261,-1.172954647,-0.22428877,2.446198452,1.323501429,4.425000534,1.55103554,-0.657610502,-7.090239659,2.157443015,-2.568824409,-3.719837752,-1.216426815,-0.356952114,-5.4475799
Other small states,OSS,,2.432030145,2.665477216,2.319365451,7.348698191,3.749016375,8.519397721,7.13507795,4.66409098,-0.768959324,5.719422817,5.126023396,1.290219194,0.733920154,0.684444996,0.591114626,0.272661609,0.049651249
Pakistan,PAK,1.913538255,-0.234425583,1.046035146,2.681824514,5.177554032,5.47815972,4.025302468,2.715027687,-0.356696773,0.735637493,-0.484655809,0.610616229,1.338548629,2.212692738,2.511972625,2.610728514,3.438653296,3.655196043
Panama,PAN,0.7104505,-1.357243709,0.295074338,2.260183208,5.536851339,5.230435644,6.68436583,9.976915323,7.904241007,-0.542273572,3.973661911,9.375430059,7.883024121,5.078554632,3.303188577,3.994217173,3.278565579,3.664570148
Peru,PER,1.293219734,-0.709627872,4.105288745,2.864703247,3.667233802,4.986962148,6.222645364,7.203635151,7.795895326,-0.157444945,6.959979402,4.946856996,4.735588074,4.443897134,1.028659678,1.924172341,2.651934145,1.279847533
Philippines,PHL,2.194577282,0.732213155,1.496920131,2.846618934,4.622931537,2.839680994,3.402985782,4.844677601,2.479031743,-0.462890952,5.903121687,1.971962893,4.934106153,5.308934105,4.426210907,4.383406892,5.21665911,5.059747393
Palau,PLW,,5.38443732,3.059685443,-3.854574872,4.294945836,3.957823005,-2.717310515,0.405040424,-5.879400667,-6.457051188,-0.211045527,4.726622299,2.803693142,-2.862037394,3.910585932,9.424603095,-0.478556479,-4.573514586
Papua New Guinea,PNG,-4.9751225,-2.636187253,-2.648219509,-0.358383994,0.207243822,3.764919008,-0.164972084,8.455238017,-2.633924984,4.341820614,7.633609519,-1.133508629,2.374186109,1.614237996,12.99688049,3.117973356,-0.483016852,0.480554067
Poland,POL,5.657245518,1.275940705,2.088879429,3.632392252,5.197185266,3.539152891,6.246911937,7.092943044,4.23549551,2.750609034,3.903262076,4.960782917,1.608149565,1.453110959,3.395806446,3.908170024,3.106911484,4.792666798
Pre-demographic dividend,PRE,0.184710367,1.931467047,3.07680173,-3.177747121,9.676434697,3.759749276,4.170655765,3.561635958,3.853659989,2.073893329,3.275508908,1.703862552,3.32014129,2.871287556,1.816550287,0.256213372,-0.123793308,-1.18974954
Puerto Rico,PRI,2.98675151,6.086049154,0.78642427,-0.009183943,8.726426357,-1.845460112,-0.991030035,-0.582297612,-1.266583495,-1.416210879,0.092102072,0.80057306,1.24696939,0.842159018,0.436573539,0.708618282,0.604274794,0.013266563
"Korea, Dem. People’s Rep.",PRK,,,,,,,,,,,,,,,,,,
Portugal,PRT,3.060570887,1.226898931,0.218425808,-1.305412252,1.568412892,0.58000286,1.370085762,2.291003501,0.054897748,-3.070552534,1.851920186,-1.68234825,-3.638376596,-0.586050788,1.438662824,2.244627658,2.247777316,3.046059302
Paraguay,PRY,-4.262496981,-2.740183513,-1.872418567,2.47281201,2.309852713,0.51651784,3.251756282,3.948604344,4.935198997,-1.571840674,9.675392365,2.859306866,-1.870586917,6.966711599,3.471127315,1.736813188,2.97607029,3.882306089
West Bank and Gaza,PSE,-10.86318838,-11.59863817,-14.69701378,11.13938647,7.559218934,8.003428965,-6.325078834,3.901438968,3.065282931,5.56516029,5.010674807,9.094542112,3.136601745,-0.788297662,-3.091264073,0.44756909,1.731068825,0.207458105
Pacific island small states,PSS,-1.76721479,0.066919019,0.864359629,1.003852,2.782829315,1.111275285,1.221521046,-0.027313622,0.606221772,-2.664896355,1.540654035,2.772194167,0.481037593,1.461158606,2.63313892,1.978810322,0.938178396,2.045243186
Post-demographic dividend,PST,3.416958277,1.020807968,1.042025851,1.433122761,2.559616794,2.103307692,2.285901529,1.883711218,-0.452116978,-4.07253723,2.428898104,1.283894958,0.701238953,0.890197294,1.415191403,1.673386415,1.220555792,1.817106454
French Polynesia,PYF,2.112502339,,,,,,,,,,,,,,,,,
Qatar,QAT,,-0.248235018,2.405710845,-2.746026243,8.179396627,-5.682845426,7.998734326,0.207865686,0.750174951,-2.220324263,6.898721541,3.363472755,-3.129369129,-2.126986546,-1.448873664,-0.817048672,-1.376590916,-1.091536258
Romania,ROU,2.527720601,7.075793362,7.127485109,6.28813607,8.977765964,4.817198496,8.697583855,8.454090831,10.07900726,-5.123235888,-2.232622307,2.510137062,2.532601348,3.899599209,3.798910972,4.361616112,5.402673179,7.908158122
Russian Federation,RUS,10.46359786,5.538679625,5.226665177,7.783783008,7.608324128,6.782759189,8.508018385,8.72086011,5.294212026,-7.848639728,4.456827158,5.202829837,3.481593764,1.568860031,-1.043023104,-3.03756702,-0.40758619,1.530687347
Rwanda,RWA,2.531357522,4.529025896,10.44986231,0.505260569,5.765126189,7.269844508,6.678165122,4.936673865,8.181237071,3.41637833,4.48748386,5.024471706,6.068942,2.09884219,4.966479414,6.207527424,3.420557283,3.530710699
South Asia,SAS,2.153629153,2.446292372,1.885612433,5.423635332,5.749693103,5.959949824,6.043008273,5.690147436,1.70360215,5.580453872,6.174251243,3.675589367,4.065975667,4.670473314,5.591446047,6.10308093,6.354033685,5.617679525
Saudi Arabia,SAU,3.235064042,-3.711499137,-5.492944831,8.035863807,4.8330976,2.585076792,-0.024660823,-0.872286566,3.430997527,-4.706833458,2.112692511,6.832496856,2.336999074,-0.243798339,0.849572301,1.531811758,-0.59281771,-2.8508008
Sudan,SDN,3.406862402,3.547289229,3.471837915,4.757419743,1.048059231,4.606154351,7.168389538,8.637283783,5.046040171,0.614039243,0.834792441,7.889471189,12.81520637,1.959133191,0.263305647,2.436229194,2.237109591,1.827353701
Senegal,SEN,0.71304775,1.996499315,-1.8852127,3.942623355,3.117171061,2.850236218,-0.246947895,2.138660022,1.239238094,-0.729738667,0.633661859,-1.47593044,2.029092845,-0.213021981,3.492729966,3.306900149,3.232721552,4.186355162
Singapore,SGP,7.027633528,-3.588248844,3.264936001,5.986670779,8.186260166,4.992074751,5.506289048,4.659321218,-3.487424383,-3.556386025,13.21649301,4.156319956,1.560797997,3.422721724,2.543736531,1.035260431,1.077066837,3.526781655
Solomon Islands,SLB,-16.56783202,-10.41971507,-5.347789306,3.756983579,2.253733798,2.827421533,4.383735339,4.812369961,4.645326617,-6.869690326,4.439085885,10.71529406,2.296253144,0.827376799,0.119643825,0.451535643,1.396342217,1.224793047
Sierra Leone,SLE,3.696975846,-9.800823211,20.8561916,4.218414381,1.891969605,0.466201787,0.832529368,5.06317502,2.834774061,0.818781112,2.924974433,3.855277541,12.55317591,17.99566603,2.236710829,-22.33076919,3.773174693,1.990748307
El Salvador,SLV,0.394638801,0.222517372,0.993621448,1.031045783,0.399175121,2.22730001,3.868823904,1.408546375,1.678856824,-2.513764378,1.653208362,3.34353038,2.340001724,1.891535772,1.485497804,1.870174879,2.05926099,1.791062588
San Marino,SMR,1.01038466,4.243656828,-0.939456016,2.520349548,3.239327306,1.071428571,2.54396036,5.832959463,0.39758152,-13.88021094,-5.841553399,-10.57267778,-8.736252763,-4.20036196,-1.974238295,-0.324811893,1.452037466,0.901332335
Somalia,SOM,,,,,,,,,,,,,,,,,,
Serbia,SRB,8.104077481,5.173400781,7.214537509,4.637781779,9.30124667,5.857980049,5.3176496,6.318966666,5.816191356,-2.726691699,0.989647482,2.205167184,-0.533730435,3.072055604,-1.369325965,1.257472005,3.337079714,2.411003678
Sub-Saharan Africa (excluding high income),SSA,0.814672102,1.537108499,3.592251505,1.500658975,3.737149834,3.410338261,3.339102541,3.764300285,2.532250839,0.242346665,2.734285514,1.724106837,1.711742858,2.147822767,1.868899758,0.170185099,-1.468643075,-0.178789904
South Sudan,SSD,,,,,,,,,,,,,-54.05195539,25.16719036,-0.234438213,-3.125160281,-16.28958983,
Sub-Saharan Africa,SSF,0.812906691,1.531083,3.587508365,1.492347059,3.73016375,3.412570892,3.341539678,3.767409209,2.526448171,0.239604142,2.734538459,1.726980221,1.709552365,2.148634555,1.868888083,0.17165376,-1.466155897,-0.176604845
Small states,SST,2.899081716,2.173276847,2.723598074,2.902615986,6.430186638,3.609383736,7.96466136,6.200680968,3.947917306,-1.290059538,4.943089608,4.465337855,1.303271484,0.786592906,0.72999043,0.7005423,0.006532768,0.131616339
Sao Tome and Principe,STP,,,0.068453376,4.071683917,1.37459085,4.5745242,6.583074361,0.865049041,5.715389512,0.087685937,4.253226006,2.048658268,0.835945747,2.485888052,4.198510122,1.544000487,1.908643439,1.629463056
Suriname,SUR,0.935680899,3.03311006,1.671218357,5.148909349,7.335498248,3.386608972,4.675300561,3.985901553,3.048911454,1.934774925,4.066829351,4.759202007,1.641031913,1.896973155,-0.730348253,-4.332974165,-6.433922953,0.778508945
Slovak Republic,SVK,1.347280939,3.505723137,4.560795846,5.488126963,5.280271095,6.740490003,8.447902154,10.76725222,5.53923472,-5.548489764,4.94387255,2.686613637,1.484291761,1.381645185,2.65066889,4.075918802,2.992544089,3.0283386
Slovenia,SVN,3.847511866,2.787349198,3.707715748,2.780091236,4.284962717,3.823020815,5.319372956,6.34528862,3.136899703,-8.626919318,0.797240022,0.440502293,-2.873785074,-1.26615369,2.877963809,2.182042124,3.0728814,4.93241299
Sweden,SWE,4.567242893,1.291108144,1.74193088,2.005478025,3.911043998,2.407936366,4.100926289,2.640983001,-1.328731592,-5.988964284,5.203529945,1.906766069,-1.033346003,0.38413182,1.588900265,3.357807915,1.401860955,0.738138803
Eswatini,SWZ,0.241730065,-0.024513135,3.6072887,3.262888886,2.89896045,4.961671238,4.607238747,2.791466549,-0.958575149,-0.308357152,1.880870277,0.376708079,2.796657132,4.470997971,0.070337809,-1.428987466,1.371289782,0.073209177
Sint Maarten (Dutch part),SXM,,,,,,,,,,,3.751515152,6.542772544,-2.13646282,-4.136775648,-1.325377725,-2.439621102,-2.444603992,
Seychelles,SYC,0.612194896,-2.356613212,-1.834808541,-4.816177359,-2.490007934,8.501896906,7.15334449,9.859154622,-4.310878182,-1.492677418,3.037276524,10.76086835,0.272336532,4.078024088,2.891898387,2.623392345,3.114470338,4.003956318
Syrian Arab Republic,SYR,0.271421466,2.966963772,3.910632681,-1.291037381,4.550445484,3.367322519,1.556251164,1.835319354,,,,,,,,,,
Turks and Caicos Islands,TCA,,,,,,,,,,,,,,,,,,
Chad,TCD,-4.452537805,7.527794742,4.409367237,10.41019732,28.71852107,13.17204026,-2.776229063,-0.122205409,-0.262297817,0.875156333,9.878044511,-3.186664669,5.313322316,2.251774958,3.46636815,-0.459812013,-9.129830126,-5.868097016
East Asia & Pacific (IDA & IBRD countries),TEA,6.44636343,5.714005612,6.903514637,7.81012411,8.053340552,8.841339442,9.924222154,11.33717016,7.647572827,6.926064903,8.998582438,7.686619227,6.731868146,6.416174754,5.985575489,5.730900831,5.558153969,5.809289629
Europe & Central Asia (IDA & IBRD countries),TEC,7.501602575,2.543632199,5.072569584,6.325246964,7.682322819,6.510342421,7.695345607,7.38258001,4.057932838,-5.31268415,4.375668671,5.705707473,2.805879397,3.049515269,1.793234934,0.452074363,1.198019293,3.640565158
Togo,TGO,-3.671185783,-4.348029001,-3.557864143,2.230399969,-0.523067644,-1.466396098,1.298187144,-0.431539181,1.285630712,2.725843772,3.285152549,3.5893351,3.744587234,3.348158657,3.195735105,3.064124929,2.480607877,1.838508305
Thailand,THA,3.37496713,2.491413202,5.271099928,6.389352096,5.557914164,3.513841217,4.332130874,4.843452617,1.190416166,-1.18980045,6.990584792,0.360142575,6.746677123,2.236675835,0.580417497,2.658813525,2.973849715,3.650982958
Tajikistan,TJK,6.558727434,7.659790994,8.765369263,8.749553995,8.134894059,4.445260513,4.810084781,5.472651438,5.587738737,1.625405739,4.167536357,5.005284616,5.07816832,5.000042379,4.34624445,3.702943835,4.593565782,5.369060374
Turkmenistan,TKM,4.301394785,3.247637265,-0.741520339,2.254293398,3.936494833,11.81581397,9.693705578,9.690321172,13.17496952,4.570602495,7.498636766,12.7746632,9.122199236,8.178511533,8.282886346,4.604664561,4.375906062,4.733081154
Latin America & the Caribbean (IDA & IBRD countries),TLA,2.259527751,-0.696402273,-1.112646871,0.229259215,4.912856313,2.985435351,4.001661627,4.311129059,2.743059971,-3.126624681,4.741904052,3.26516956,1.635882255,1.635955583,-0.089862005,-1.052842616,-1.424993517,0.72762088
Timor-Leste,TLS,,6.667241705,-10.02719866,-4.991380098,58.16777857,31.94102124,38.69019283,3.561835597,8.663268506,-7.251930325,-2.7362822,9.666770312,2.672907127,-13.07619897,-27.7827746,18.13519493,-1.373128425,-9.963838142
Middle East & North Africa (IDA & IBRD countries),TMN,2.659318698,0.509866243,1.656210884,0.9750272,6.156229958,2.696286719,3.707254365,4.221790354,1.660488194,0.67580523,3.354925274,-2.814306942,0.912671782,-0.174808457,0.307089035,-0.777344625,5.663479474,1.356491516
Tonga,TON,2.852368687,3.046015504,2.821411167,1.489518514,-0.96376562,0.943767362,-1.444283399,-4.791206927,2.450925248,1.699206223,3.055479284,2.352684982,0.53079308,-3.467363612,1.634527401,3.144358858,2.647956031,1.846226625
South Asia (IDA & IBRD),TSA,2.153629153,2.446292372,1.885612433,5.423635332,5.749693103,5.959949824,6.043008273,5.690147436,1.70360215,5.580453872,6.174251243,3.675589367,4.065975667,4.670473314,5.591446047,6.10308093,6.354033685,5.617679525
Sub-Saharan Africa (IDA & IBRD countries),TSS,0.812906691,1.531083,3.587508365,1.492347059,3.73016375,3.412570892,3.341539678,3.767409209,2.526448171,0.239604142,2.734538459,1.726980221,1.709552365,2.148634555,1.868888083,0.17165376,-1.466155897,-0.176604845
Trinidad and Tobago,TTO,6.630814679,3.808627892,7.475766144,13.88750318,7.407309055,5.684963788,12.66857621,4.264847431,2.910008013,-4.842444906,2.81904481,-0.793932932,0.780558258,0.48203026,-0.712058269,1.09925403,-6.292593846,-2.632973988
Tunisia,TUN,3.679354051,2.8786425,0.514957851,3.908670193,5.409427181,2.617042492,4.277501542,5.653195785,3.143560902,1.922135996,2.361701531,-3.024888542,2.801659502,1.681036443,1.776184747,-0.010600926,-0.040607152,0.815711009
Turkey,TUR,5.033473643,-7.356015358,4.875505428,4.101783077,8.13550202,7.572212325,5.770173056,3.772024988,-0.361302821,-5.905542074,7.005805435,9.47495135,3.159241008,6.748485793,3.469253963,4.404110843,1.573424584,5.80111474
Tuvalu,TUV,-1.759050452,0.651103238,6.508904048,-4.63997384,-2.618430659,-5.056013587,1.03059432,5.249992789,6.97026513,-5.357310929,-3.560721378,6.534577058,-4.70526382,3.668036015,0.52101104,8.220242088,2.143597032,2.365253257
Tanzania,TZA,1.816581788,3.241579473,4.167377719,3.682487386,4.415093335,4.316820711,3.32763591,3.491825389,2.403182446,1.988760079,3.033301534,4.34524353,1.286197685,3.510883425,3.472186342,2.924771422,3.618411849,3.553146103
Uganda,UGA,-0.145857409,1.732039316,5.083370306,2.84705689,3.15142152,2.698594382,7.010567028,4.727295002,5.023515168,3.190619217,2.076684434,5.718076411,0.36785169,0.147417013,1.64290966,1.751374847,1.388912066,0.53122079
Ukraine,UKR,6.971368648,10.30727115,6.300351349,10.40822244,12.96247767,3.754886288,8.168756108,8.237512663,2.859468827,-14.37928971,4.247726915,5.845341746,0.486676587,0.201173611,-1.144531809,-9.444243135,2.854863799,2.975840122
Upper middle income,UMC,5.258325226,2.50745062,3.884218842,4.304812961,7.106150807,6.249122976,7.408795368,8.090568091,5.141029878,0.970292099,6.666788624,5.536228379,4.434159695,4.208438835,3.393560803,2.57422356,3.143709185,3.987811866
Uruguay,URY,-2.282112342,-4.013430733,-7.750584066,0.870029434,5.052838686,7.411145766,3.928852933,6.264034821,6.821654778,3.873639957,7.430904284,4.813966085,3.198220768,4.292800216,2.890359322,0.019573306,1.322073848,2.278220064
United States,USA,2.940291775,-0.018489778,0.846125953,1.926956876,2.829653489,2.397046016,1.681416459,0.815188221,-1.230282169,-3.624124115,1.873254991,0.816231684,1.502170582,1.138497258,1.702634247,2.125122816,0.835127873,1.564444431
Uzbekistan,UZB,2.373562694,2.889175616,2.734971912,2.994478177,6.464531486,5.762427872,5.998663556,8.367537718,7.264163383,6.291286901,5.480033191,5.431873862,6.61885439,6.326248546,5.989420944,6.132535008,5.941723632,3.546582291
St. Vincent and the Grenadines,VCT,1.622223004,1.624496465,6.166312933,7.487034269,3.955760488,2.313647825,7.527184894,3.209883737,1.474665832,-2.177917516,-3.408340704,-0.443030585,1.394475616,1.840621553,1.179426921,1.25090325,1.800603138,0.626833159
"Venezuela, RB",VEN,1.740719655,1.487289558,-10.50653144,-9.394985263,16.22568675,8.435897554,8.036828847,6.975326733,3.595395732,-4.711194675,-2.984410152,2.637438335,4.107315389,-0.076772683,-5.209201903,,,
British Virgin Islands,VGB,,,,,,,,,,,,,,,,,,
Virgin Islands (U.S.),VIR,,,,-0.330430228,2.976672228,3.644686565,3.705181531,4.066184896,0.885831729,-6.646659877,0.947883005,-8.102479143,-14.93992302,-5.702693185,-0.815583872,0.421114814,1.124767445,
Vietnam,VNM,5.597962625,5.074742803,5.261489009,5.876981388,6.532191138,6.550766898,5.99010742,6.13794004,4.664702634,4.365642085,5.332085165,5.095026372,4.066064787,4.21688206,4.784398867,5.508820999,5.090510776,5.725877848
Vanuatu,VUT,3.794022397,-5.643688052,-7.393958232,1.668325614,1.346716568,2.673927397,5.805000703,2.630161192,3.903752633,0.875316475,-0.740736807,-1.110335353,-0.553475485,-0.309572818,0.074466198,-2.957877378,1.770194047,2.290702986
World,WLD,3.029725981,0.618161864,0.913513172,1.61949737,3.075950344,2.541095384,2.992785205,2.906647213,0.551637684,-2.935542253,3.103770291,1.942840405,1.30088029,1.430906262,1.622941731,1.655547758,1.394812933,1.976614153
Samoa,WSM,6.395248888,6.357452534,3.743631461,3.880133839,3.970148372,3.491943014,1.312830035,5.627379434,0.326615142,-5.477816778,-0.264971466,4.955606218,-0.409311206,-2.737380402,0.588386806,0.681905963,6.419165509,2.017277005
Kosovo,XKX,,26.88778342,-0.768380016,5.908225728,2.542539707,5.961247148,3.667025005,6.427746788,1.823663863,2.514978674,2.48306566,3.91600918,2.08595684,2.359550689,1.325832291,5.249904137,3.231551214,3.402374766
"Yemen, Rep.",YEM,3.231783146,0.894399305,1.028852184,0.853299952,1.090007738,2.688854771,0.354225673,0.530343314,0.843691199,1.069911413,4.819588364,-15.03782629,-0.310759459,2.092498304,-2.73663062,-18.75213685,-15.7132848,-8.160406356
South Africa,ZAF,2.674338899,1.24602985,2.28650453,1.6039989,3.257208816,4.041023193,4.44004743,4.256759901,2.116505065,-2.61732621,1.813582965,1.942605753,0.796404295,1.019072701,0.405034887,-0.097290865,-0.734907398,0.063292775
Zambia,ZMB,1.021417394,2.466962902,1.721632884,4.121302497,4.20633932,4.384710064,5.016984644,5.43605882,4.83669129,6.185551827,7.163546274,2.49551664,4.412267362,1.916769715,1.560750511,-0.145952014,0.687854852,0.362071755
Zimbabwe,ZWE,-4.310098559,0.259088956,-9.87326221,-17.87133091,-6.866223066,-6.895310344,-4.816677131,-5.139677964,-19.05683085,9.974501357,17.33286267,11.81003008,14.09451612,-0.338829992,0.004321193,-0.579737522,-1.570578414,2.299933165